time,input_force,position,velocity
0.0,4.390967437294457,0.0,0.0
0.01,4.402109102663531,0.0,0.04402109102663531
0.02,4.392867030948333,0.0004402109102663531,0.08783970860855204
0.03,4.322326496549739,0.0013186079963518737,0.1308424938807075
0.04,3.9846332615604405,0.002627032935158949,0.17035908304561745
0.05,4.697217000578542,0.004330623765615124,0.2169001012779185
0.06,4.670432080289427,0.006499624778394309,0.26305351058008675
0.07,4.202367864575988,0.009130159884195176,0.30440655619983964
0.08,4.421533851263914,0.012174225446193572,0.3478426180022108
0.09,4.358661696675326,0.01565265162621568,0.39053527997306614
0.1,4.36647430375768,0.01955800442594634,0.43319237950745787
0.11,4.079218932883913,0.02388992822102092,0.47286247187867647
0.12,4.38124807191431,0.02861855293980769,0.5154450165616808
0.13,4.626687157481682,0.0337730031054245,0.5603660384892138
0.14,5.019040670306719,0.03937666349031664,0.6090879840898471
0.15,4.585989668475081,0.04546754333121511,0.6533464074873927
0.16,4.531586897143697,0.05200100740608904,0.6969379753534487
0.17,4.40405593168067,0.05897038715962353,0.7391321877170596
0.18,4.387092294077979,0.06636170903679413,0.7810373394142275
0.19,4.696631028308489,0.0741720824309364,0.8259183329307032
0.2,4.565349864351597,0.08243126576024343,0.8693586915770305
0.21,4.380031116044233,0.09112485267601374,0.9108207434770097
0.22,4.302832625164041,0.10023306011078384,0.9513897681646055
0.23,4.474791986819657,0.10974695779242989,0.993558747492169
0.24,4.400413303330663,0.11968254526735159,1.0348594897411603
0.25,4.506037491635135,0.1300311401647632,1.077093350842624
0.26,4.461252973332769,0.14080207367318942,1.1187530849185154
0.27,4.585012846750385,0.1519896045223746,1.1615247265263766
0.28,4.2541192413146325,0.16360485178763837,1.2008581279141624
0.29,4.725541516970695,0.17561343306677998,1.2447841880605086
0.3,5.062805672409649,0.18806127494738506,1.2919490574483203
0.31,4.745871008955624,0.20098076552186828,1.335801772344361
0.32,4.550870727309933,0.2143387832453119,1.3775690136555556
0.33,4.683495271888883,0.22811447338186744,1.4205313662738148
0.34,4.30532599552614,0.24231978704460558,1.4595770688666279
0.35000000000000003,4.190484221391783,0.25691555773327185,1.49734832883429
0.36,4.661883147465897,0.27188904102161476,1.5397099583713967
0.37,4.399514731766569,0.28728614060532875,1.5793120527110907
0.38,4.237807444626892,0.30307926113243966,1.6171672747443713
0.39,4.33102481088974,0.31925093387988335,1.6558284461441428
0.4,4.281032603162847,0.33580921834132477,1.6938606991926513
0.41000000000000003,4.5340288406247655,0.3527478253332513,1.7342947174142347
0.42,4.623567623041769,0.37009077250739364,1.7754891612004502
0.43,4.684692756017832,0.38784566411939814,1.8171571843126126
0.44,4.686009530120913,0.40601723596252426,1.8586986953248015
0.45,4.658142623548108,0.42460422291577227,1.8998213403500455
0.46,4.465709886078246,0.4436024363192727,1.9388796774141213
0.47000000000000003,4.3824475851021685,0.46299123309341395,1.976969749198969
0.48,4.205512406189664,0.48276093058540365,2.0131564664216817
0.49,4.727072459256124,0.5028924952496204,2.054428777987018
0.5,4.471596639845029,0.5234367830294906,2.0930028874500017
0.51,4.4250664023619,0.5443668119039906,2.130974170688937
0.52,4.743086333039301,0.56567655361088,2.1719888649687995
0.53,4.327501476208025,0.587396442260568,2.208702554461236
0.54,4.674102147945247,0.6094834678051804,2.2487470266700145
0.55,4.566455340964955,0.6319709380718805,2.2875707455773786
0.56,4.299577088796064,0.6548466455276544,2.323583647725252
0.5700000000000001,4.491982315093524,0.6780824820049068,2.361384818465819
0.58,4.701735770850318,0.701696330189565,2.4011425491641476
0.59,4.666262156878349,0.7257077556812065,2.4403989216996416
0.6,4.806229914675855,0.7501117448982029,2.4809088080307884
0.61,4.574779314497825,0.7749208329785108,2.5189541056658933
0.62,5.181602314824495,0.8001103740351697,2.5629229018840163
0.63,4.323064903085686,0.8257396030540098,2.598146022912093
0.64,4.42741538609612,0.8517210632831308,2.634273332509666
0.65,4.494970246604211,0.8780637966082274,2.6709339095178675
0.66,4.22339297238088,0.9047731357034061,2.704734376874665
0.67,4.715641387567045,0.9318204794721527,2.743319408536742
0.68,4.687849562224329,0.9592536735575201,2.781475964678699
0.6900000000000001,4.510943130311591,0.9870684332043071,2.8177131987230033
0.7000000000000001,4.40025977336446,1.015245565191537,2.8526973765934316
0.71,4.208132289936294,1.0437725389574715,2.8856164649209277
0.72,4.3492913983595765,1.0726287036066808,2.9198077926643062
0.73,4.655885320853406,1.1018267815333238,2.956921868983966
0.74,4.464710779756835,1.1313960002231636,2.9919730185460076
0.75,4.421769305291217,1.1613157304086237,3.0264479870521086
0.76,4.607432730404121,1.1915802102791448,3.062633562927702
0.77,4.738780394685566,1.222206545908422,3.09998162254668
0.78,4.558566438110416,1.2532063621338887,3.1353729197796008
0.79,4.570045643271795,1.2845600913316848,3.170728531188602
0.8,4.781515490809116,1.3162673766435709,3.2080477445860582
0.81,4.542253722890127,1.3483478540894314,3.2428176277002074
0.8200000000000001,4.445285354810245,1.3807760303664334,3.2764667414708804
0.8300000000000001,4.641768164653956,1.4135406977811422,3.3119317042030096
0.84,4.4558170275606495,1.4466600148231723,3.3453829638225465
0.85,4.433577919272609,1.4801138444613977,3.37846196557607
0.86,4.761889788127072,1.5138984641171584,3.414674480854478
0.87,4.448752529934037,1.5480452089257033,3.4475975230234477
0.88,3.9761078545864668,1.5825211841559377,3.475643517343902
0.89,4.576246652876914,1.6172776193293767,3.509551832711
0.9,4.4280397737831025,1.6523731376564867,3.5418237956283947
0.91,4.449315692805173,1.6877913756127707,3.5741576467920626
0.92,4.597730329405863,1.7235329520806912,3.6078239732179154
0.93,4.473930882428948,1.7596111918128703,3.6400966562049986
0.9400000000000001,4.550130830118111,1.7960121583749202,3.672978500482041
0.9500000000000001,4.102680077460014,1.8327419433797407,3.7012308306886865
0.96,4.318531702405708,1.8697542516866277,3.7314975867492626
0.97,4.787934811831019,1.9070692275541203,3.766308682397326
0.98,4.503432903196833,1.9447323143780937,3.798113101268193
0.99,4.172442139701116,1.9827134453907755,3.8264527752832773
1.0,4.292636697212029,2.020977973143608,3.855847583426408
1.01,4.308625828218522,2.0595364489778722,3.88525226680374
1.02,4.527612600609094,2.0983889716459094,3.916696189244866
1.03,4.420621207989558,2.137555933538358,3.9469138829083574
1.04,4.3753066036118655,2.177025072367442,3.9765245523701287
1.05,4.507930524985441,2.2167903178911432,4.007308496094323
1.06,4.602693883985866,2.2568634028520864,4.038883583058164
1.07,4.455337335151382,2.297252238682668,4.068826020646328
1.08,4.392201222576481,2.3379404988891315,4.097981463343111
1.09,4.422843420031184,2.3789203135225625,4.127289062887287
1.1,4.57510725693649,2.4201932041514356,4.157964072172388
1.11,4.505667034110246,2.4617728448731593,4.1877854459247565
1.12,4.6606024318404415,2.503650699332407,4.218998460938603
1.1300000000000001,4.277184548600289,2.545840683941793,4.246215508873594
1.1400000000000001,4.352075842907772,2.588302839030529,4.274029047162604
1.1500000000000001,4.66177123527701,2.6310431295021552,4.304785081219407
1.16,4.346777495429222,2.6740909803143493,4.332228807211647
1.17,4.7839462078856965,2.7174132683864656,4.363889515311846
1.18,4.788184125274799,2.761052163539584,4.395426806239541
1.19,4.785608214797541,2.805006431601979,4.426772217044839
1.2,4.331014900393207,2.8492741537724275,4.4534054226429545
1.21,4.522522053816075,2.893808207998857,4.481798581316963
1.22,4.4084565676584955,2.9386261938120266,4.508891034124257
1.23,4.691775585767552,2.9837151041532692,4.538659310008998
1.24,4.848464054834853,3.0291016972533593,4.569829872074018
1.25,4.6818609472262365,3.0747999959740997,4.599165703471589
1.26,4.508971933247188,3.1207916530088156,4.626607908553433
1.27,4.434035204732652,3.16705773209435,4.653140157523358
1.28,4.636960410624982,3.213589133669583,4.681542795771611
1.29,4.262568356764099,3.260404561627299,4.706037444082484
1.3,4.614410270575574,3.307464936068124,4.733895644054779
1.31,4.324204877846905,3.354803892508672,4.758688023850975
1.32,4.631252707291508,3.4023907727471814,4.786394223079245
1.33,4.474955588726548,3.450254714977974,4.812373011863318
1.34,4.429490184303838,3.498378445096607,4.837736471746743
1.35,4.330040589333391,3.546755809814074,4.861945779570516
1.36,4.435794058945522,3.5953752676097794,4.887055344091417
1.37,2.431163777820844,3.6442458210506934,4.891958592974177
1.3800000000000001,2.5287115402977824,3.693165406980435,4.897727320252618
1.3900000000000001,2.42522905038099,3.7421426801829614,4.902348961641835
1.4000000000000001,2.592716722997472,3.79116616979938,4.90853597110734
1.41,2.827771961367917,3.840251529510453,4.916960018453652
1.42,2.255041226548272,3.8894211296949894,4.91953752761398
1.43,2.27876607469495,3.938616504971129,4.922247502282505
1.44,2.031931128577291,3.987838979993954,4.9223839618026295
1.45,2.5580848693367786,4.037062819611981,4.927683172631503
1.46,2.5798187809669484,4.086339651338296,4.93308802687037
1.47,2.14651018690414,4.1356705316069995,4.934047729369558
1.48,2.4434675872162797,4.185011008900695,4.937875944855083
1.49,2.563353577510073,4.234389768349246,4.942794768750245
1.5,2.365197072013826,4.283817716036748,4.945620973011809
1.51,2.4894197046293787,4.333273925766866,4.9495834821935
1.52,2.354906020512345,4.382769760588801,4.952092035841606
1.53,2.076568439642203,4.432290680947218,4.951711950627246
1.54,2.5298088965782237,4.48180780045349,4.9557661783545655
1.55,2.584960550416891,4.531365462237035,4.960262752811941
1.56,2.46683963109006,4.580968089765155,4.963467761316338
1.57,2.1290399657217667,4.630602767378318,4.963187555390734
1.58,2.169703533181265,4.680234642932225,4.963215416299313
1.59,2.0938538074899444,4.729866797095219,4.9623854465476
1.6,2.4739348901002094,4.779490651560694,4.965259098238043
1.61,2.573617322594831,4.829143242543075,4.969023142415275
1.62,2.4048366669253407,4.878833473967227,4.970990664743404
1.6300000000000001,2.5080465351064527,4.928543380614662,4.973885986484675
1.6400000000000001,2.146411200118176,4.978282240479508,4.973058296758416
1.6500000000000001,2.3491117885997124,5.028012823447092,4.974160204421558
1.6600000000000001,2.0459652067707914,5.077754425491308,4.972128430331318
1.67,2.165583268215399,5.127475709794621,4.971198433086661
1.68,2.49567412775223,5.177187694125488,4.973472226861877
1.69,2.2720205164752887,5.226922416394107,4.973404376071224
1.7,2.5618158122513774,5.276656460154819,4.976135178420772
1.71,2.4275314188524497,5.326417811939027,4.977416841742935
1.72,2.866823849926399,5.376191980356457,4.982988702513963
1.73,2.33869250414444,5.426021867381596,4.98316577183841
1.74,2.0386583646777408,5.47585352509998,4.980242397320828
1.75,2.313033486895089,5.5256559490731885,4.9799704191462775
1.76,2.1273362929008255,5.575455653264651,4.977742544129273
1.77,2.5153754182766654,5.625233078705944,4.979301030645187
1.78,2.328335431008055,5.675026089012396,4.978885666221243
1.79,2.2924850546944873,5.724814945674608,4.97801325042461
1.8,2.295112940337719,5.774595078178854,4.977069716810576
1.81,2.4680075817035982,5.82436577534696,4.977757928179228
1.82,2.2294469716451166,5.874143354628752,4.9759592715245375
1.83,2.4753493770947723,5.923902947343998,4.976524580407417
1.84,2.529053651783314,5.973668193148072,4.977525999579544
1.85,2.2515110755929744,6.023443453143867,4.975649958950228
1.86,2.134730094271755,6.073199952733369,4.972511248089282
1.87,2.2173463545869265,6.122925065214262,4.9701070336094615
1.8800000000000001,2.4619612661868415,6.172626135550357,4.970055528556878
1.8900000000000001,2.33843519242427,6.222326690835926,4.968669489388628
1.9000000000000001,2.4459544058342524,6.272013385729812,4.968262706341827
1.9100000000000001,2.672526912574696,6.32169601279323,4.97002329193026
1.92,2.3661301627030773,6.371396245712533,4.968616143301879
1.93,2.1581520398359784,6.421082407145551,4.9650333308505585
1.94,2.531424119886526,6.470732740454057,4.965092823908006
1.95,2.3302115900099776,6.520383668693137,4.963040742267427
1.96,2.494428849646141,6.570014076115811,4.962536661570834
1.97,2.5331791269335984,6.619639442731519,4.962322083034011
1.98,2.128137798828695,6.6692626635618595,4.95795837692925
1.99,2.596340338948439,6.7188422473311515,4.958188359049288
2.0,2.5009638101053624,6.768424130921645,4.957364841758056
2.0100000000000002,2.199158543617145,6.817997779339225,4.953426166827989
2.02,2.3808292420882213,6.867532041007505,4.951214898273123
2.0300000000000002,2.371380916310072,6.917044189990236,4.948815606108526
2.04,2.324725781007218,6.966532346051321,4.945856736523346
2.05,2.4943222158765295,7.015990913416554,4.944502252148701
2.06,2.6074106837807562,7.065435935938042,4.944183121529304
2.07,2.321400692662177,7.1148777671533345,4.940905798780226
2.08,2.586115683708468,7.1642868251411365,4.940184935586053
2.09,2.517579940214873,7.213688674496997,4.938681698998955
2.1,2.366398649749332,7.263075491486987,4.935571603899956
2.11,2.3551756025245147,7.312431207525987,4.932258279932477
2.12,2.0894263437820477,7.361753790325311,4.926197035255415
2.13,2.0197857394726157,7.4110157606778655,4.919355892481351
2.14,2.3529439777359182,7.460209319602679,4.915764911006152
2.15,2.148753634548177,7.509366968712741,4.910042616434913
2.16,2.312012189706127,7.55846739487709,4.905868897853461
2.17,2.2130068697440377,7.607526083855625,4.900617359516513
2.18,1.9622401171179513,7.65653225745079,4.89277316512119
2.19,2.3914003265013775,7.7054599891020015,4.889142170958499
2.2,2.2370330570360726,7.754351410811586,4.8838787261232595
2.21,2.335979160622214,7.803190198072819,4.87952011809255
2.22,2.1413153633882063,7.851985399253745,4.873128091035055
2.23,2.252975968635104,7.900716680164095,4.867771059695311
2.24,2.6320154463406267,7.949394390761048,4.866120353149151
2.25,2.345649618128267,7.9980555942925395,4.861512759666039
2.2600000000000002,2.4298546871265843,8.0466707218892,4.857661413449555
2.27,2.065765056738843,8.095247336023695,4.850081569039541
2.2800000000000002,2.797746609592543,8.14374815171409,4.84974333654082
2.29,2.6886221697781574,8.1922455850795,4.848217703593821
2.3000000000000003,2.5926265163043913,8.240727762115437,4.845638933327722
2.31,2.4856926136350257,8.289184151448714,4.841900306606522
2.32,2.3229680737660234,8.33760315451478,4.836446868274769
2.33,2.408354221487397,8.385967623197526,4.831764087009926
2.34,2.529543366913041,8.434285264067626,4.828208175215137
2.35,2.1942254686189093,8.482567345819778,4.821211338935153
2.36,2.2310396692702144,8.530779459209128,4.814503572588878
2.37,1.9861129462959444,8.578924494935016,4.805266884201947
2.38,2.1655756025626998,8.626977163777036,4.797751624027199
2.39,2.6521997642356814,8.674954680017308,4.795025288281933
2.4,2.253089999883977,8.722904932900127,4.788218715700034
2.41,2.256370036811934,8.770787120057127,4.781366059413103
2.42,2.3834928246014746,8.818600780651257,4.775705998270471
2.43,1.997493956679146,8.866357840633961,4.766104471280284
2.44,2.5090157561315642,8.914018885346763,4.761546651982131
2.45,2.5732207891886256,8.961634351866584,4.757546955473368
2.46,2.3953986712061326,9.009209821421317,4.751683806093013
2.47,2.6502096154099486,9.056726659482248,4.748288273089037
2.48,2.0545730648868714,9.104209542213137,4.7388498297362185
2.49,2.68868257766442,9.1515980405105,4.735681111854096
2.5,2.17379113746812,9.198954851629042,4.7272766243681215
2.5100000000000002,2.0639554714614246,9.246227617872723,4.717700077818558
2.52,2.2724610258727167,9.293404618650909,4.710137982646993
2.5300000000000002,2.6943405542085115,9.34050599847738,4.706719233995159
2.54,2.316050989934141,9.387573190817331,4.699431933812558
2.5500000000000003,2.1334210868018344,9.434567510155457,4.69024241846441
2.56,2.060950923218079,9.481469934340101,4.6802571866301195
2.57,2.298915717164768,9.528272506206402,4.672582760966511
2.58,1.9209471038025208,9.574998333816067,4.661054230089707
2.59,2.059900849795363,9.621608876116964,4.650850606344805
2.6,2.6285529484858676,9.668117382180412,4.646265791561567
2.61,2.584592179544298,9.714580040096028,4.641159814113745
2.62,2.294256988806109,9.760991638237165,4.63307032438633
2.63,2.2268064638631415,9.807322341481028,4.624233729937521
2.64,2.3316411985754195,9.853564678780403,4.61637491291547
2.65,2.789538803804115,9.899728427909558,4.613022234313662
2.66,2.4009345198681555,9.945858650252696,4.60569956707074
2.67,2.5018870531060142,9.991915645923402,4.599312471383618
2.68,2.2794479129477403,10.03790877063724,4.590624838042789
2.69,2.3321187395374827,10.083815019017667,4.582393645801782
2.7,2.4493719574714596,10.129638955475684,4.575263751223957
2.71,2.3451583836788563,10.175391592987923,4.567017897771735
2.72,1.9404640216163191,10.22106177196564,4.554654210057493
2.73,2.5760475704495436,10.266608314066215,4.548585926692914
2.74,0.8635581064160999,10.312094173333143,4.52531682631221
2.75,1.4088483702936163,10.357347341596265,4.5074678296026995
2.7600000000000002,1.1239545445235601,10.402422019892292,4.486724010790736
2.77,1.0007793250983152,10.447289260000199,4.464710149974958
2.7800000000000002,1.0744502699910528,10.491936361499949,4.443398298779931
2.79,0.9648852642576634,10.536370344487748,4.420954782952558
2.8000000000000003,0.8892982887598939,10.580579892317274,4.3977226381938
2.81,1.02810449422751,10.624557118699212,4.375848216755956
2.82,1.1635829354076992,10.668315600866771,4.355295311330744
2.83,0.8936788922413724,10.711868553980079,4.3320072307730975
2.84,0.8621374089891102,10.75518862628781,4.308374849678096
2.85,0.915487113787094,10.79827237478459,4.285248406439195
2.86,1.1769870607397048,10.841124858848982,4.264708611280925
2.87,1.2770948914628402,10.883771944961792,4.245135538949653
2.88,1.05898762435886,10.926223300351289,4.223345032455944
2.89,1.1028476687775108,10.968456750675848,4.201962699961877
2.9,0.8606446705173434,11.010476377675467,4.178127326415794
2.91,1.161935771960831,11.052257650939625,4.1572804130640115
2.92,1.0969322440633809,11.093830455070265,4.1357520191701065
2.93,0.8445592503848692,11.135187975261966,4.11167057071589
2.94,0.6290505195840096,11.176304680969125,4.085411523534416
2.95,0.7424708211139951,11.217158796204469,4.060270093574782
2.96,0.8527442963341234,11.257761497140217,4.036212543711777
2.97,1.218972305519721,11.298123622577336,4.015796212413414
2.98,1.2971567971382312,11.33828158470147,3.996132042608608
2.99,0.8986812668755105,11.378242905127555,3.9724519620014385
3.0,0.9050017714161068,11.41796742474757,3.948814364000341
3.0100000000000002,1.0389094531648593,11.457455568387573,3.9264954877724936
3.02,0.9890141437850111,11.496720523265298,3.9036544793541372
3.0300000000000002,1.1727716587651817,11.535757068058839,3.882629618696873
3.04,0.8819472232529441,11.574583364245807,3.8586710027465427
3.0500000000000003,1.1764134395265657,11.613170074273272,3.8376392929064505
3.06,0.9387398823964149,11.651546467202337,3.8142062533496017
3.0700000000000003,1.1573797841839373,11.689688529735832,3.7929414426236625
3.08,0.9323767495126575,11.72761794416207,3.7694034794527584
3.09,0.8639659053886904,11.765311978956598,3.7451643939196892
3.1,1.3690483699383602,11.802763622895794,3.7259613426763605
3.11,1.1996302584797496,11.840023236322558,3.7050372146586756
3.12,0.628175821943323,11.877073608469145,3.678376333368817
3.13,0.8972301396123845,11.913857371802832,3.6543985467145808
3.14,1.2275694263260808,11.950401357269978,3.6337105298674492
3.15,0.7472527481276616,11.986738462568653,3.6081979783095175
3.16,1.1407205078749882,12.022820442351748,3.586611211517356
3.17,1.1199960626643244,12.058686554466922,3.5647990032305024
3.18,0.8467555263519826,12.094334544499228,3.540237187877012
3.19,0.9848214327212045,12.129736916377999,3.517046140145533
3.2,0.5685812922443101,12.164907377779453,3.4896798638848563
3.21,1.3406711452837097,12.199804176418303,3.4700325609224225
3.22,0.9247663401309816,12.234504502027526,3.44620553456859
3.23,1.1473474522456177,12.268966557373213,3.4245944862505695
3.24,1.1093531102654508,12.303212502235718,3.402588598022851
3.25,1.2581609995903635,12.337238388215948,3.382057311519226
3.2600000000000002,0.8999241605898539,12.37105896133114,3.3579269330698946
3.27,1.0273493874758595,12.40463823066184,3.3350634916893163
3.2800000000000002,1.0984066824932714,12.437988865578733,3.312900623323702
3.29,1.1610931602564618,12.47111787181197,3.2913533256367997
3.3000000000000003,1.2174557096521508,12.504031405068337,3.270357263675605
3.31,0.8911084958553018,12.536734977705093,3.2460843926648324
3.3200000000000003,0.8537393533094815,12.569195821631741,3.221433105260855
3.33,1.2586071152200002,12.60141015268435,3.2008272020066393
3.34,0.5791696549759382,12.633418424704416,3.1734140102460136
3.35,1.3005912980789005,12.665152564806876,3.153219551351779
3.36,0.9261199935551044,12.696684760320395,3.1292673972793366
3.37,0.9856722761723068,12.727977434293187,3.1059075820272204
3.38,0.8501163217463352,12.759036510113459,3.0811880214210294
3.39,0.9769457448632034,12.78984839032767,3.057736435795882
3.4,1.240812487166549,12.820425754685628,3.036920522797402
3.41,1.140757462263174,12.850794959913602,3.015094944603669
3.42,1.085122138730447,12.880945909359639,2.992706838709637
3.43,1.0043594431967147,12.910872977746735,2.9695067742261108
3.44,0.6974628474759494,12.940568045488996,2.9432358898098117
3.45,0.817757459266818,12.970000404387095,2.9181742385869773
3.46,0.9179445946441324,12.999182146772965,2.894118248128177
3.47,1.0781201328561338,13.028123329254246,2.8716657895428717
3.48,1.0005153748741418,13.056839987149674,2.8484355321592476
3.49,1.183285703242059,13.085324342471267,2.827033620386971
3.5,1.0813103195158789,13.113594678675137,2.8046084908462197
3.5100000000000002,0.9974549575580802,13.141640763583599,2.7813443298373346
3.52,1.4417371014838067,13.169454206881973,2.762525058500412
3.5300000000000002,1.0678301789803517,13.197079457466977,2.739958139230201
3.54,0.9001964016486915,13.224479038859279,2.7157160489836785
3.5500000000000003,1.358578243267752,13.251636199349116,2.696063583216178
3.56,1.2266671516530456,13.278596835181277,2.67508682337597
3.5700000000000003,1.349802400019129,13.305347703415038,2.655339936647359
3.58,0.964398454844464,13.331901102781512,2.631734875947355
3.59,1.1818466672665866,13.358218451540985,2.6103102032245893
3.6,0.6960149501558939,13.384321553573232,2.584028140315005
3.61,1.1433861241531997,13.410161834976382,2.5622332880986027
3.62,0.9550400503195453,13.435784167857367,2.538557781711599
3.63,0.7155732508667796,13.461169745674484,2.512495551430273
3.64,1.1931049227739614,13.486294701188786,2.491223022288088
3.65,0.6245585769711628,13.511206931411667,2.464267961099702
3.66,0.6040435385575222,13.535849611022664,2.437125312719705
3.67,1.0590801337314264,13.560220864149862,2.4145516015531743
3.68,1.1008543440357237,13.584366380165394,2.3924033242613487
3.69,1.180689605973008,13.608290413408007,2.3710604792500947
3.7,1.134977445276259,13.632001018200508,2.349266021677916
3.71,1.2819165670562918,13.655493678417288,2.328948020257883
3.72,1.1266334326428498,13.678783158619867,2.3070809971768322
3.73,0.9601249531818735,13.701853968591635,2.2835569778984692
3.74,0.9718626188119848,13.72468953837062,2.2601630037046596
3.75,0.9301406041729238,13.747291168407667,2.236364623160386
3.7600000000000002,1.0456803468550027,13.76965481463927,2.21373593273422
3.77,0.7671156682570344,13.791792173966613,2.188333439955676
3.7800000000000002,1.0547692816821568,13.813675508366169,2.165826714824675
3.79,0.9693021406040433,13.835333775514416,2.1424778184269213
3.8000000000000003,1.0417118735478474,13.856758553698684,2.1198680750653036
3.81,1.0423294489644983,13.877957234449337,2.097278182259888
3.8200000000000003,0.4961319217072193,13.898930016271935,2.0692403915524116
3.83,0.8063260782374324,13.919622420187459,2.044332691323361
3.84,0.9648591091525949,13.940065747100693,2.021031205846204
3.85,0.9754878503108313,13.960276059159154,1.9978533748404952
3.86,1.0384627037703047,13.98025459290756,1.9753228163227787
3.87,1.0470545000366944,14.000007821070788,1.9528945450965236
3.88,1.2898315065571453,14.019536766521753,1.9329106081572123
3.89,1.0490765381899554,14.038865872603326,1.9105300234856752
3.9,0.9239801003270779,14.057971172838183,1.8869157676850252
3.91,0.6667601474628695,14.076840330515033,1.860750137394765
3.92,0.7128668188619945,14.09544783188898,1.835073249578868
3.93,1.093683203965407,14.11379856438477,1.8132315028307968
3.94,1.1986742047924597,14.131930879413078,1.7924575689928748
3.95,1.2948590413540026,14.149855455103006,1.7726611537251065
3.96,0.8210062261872233,14.167582066640257,1.7481398521924598
3.97,0.9258119548841806,14.185063465162182,1.72469245797754
3.98,1.0350515791869885,14.202310389741957,1.7023611156941416
3.99,1.3960646261964136,14.219334000898899,1.6836612383873866
4.0,1.0095571356131452,14.236170613282772,1.6611089886457517
4.01,1.2968374129169602,14.252781703169228,1.6414522490767414
4.0200000000000005,1.0205794225518277,14.269196225659996,1.6190488492732293
4.03,1.217233879256057,14.285386714152729,1.598635173491287
4.04,1.1919008112807816,14.301373065887642,1.577986820242061
4.05,1.0198024684719962,14.317152934090062,1.5556371317444007
4.0600000000000005,0.782508192517935,14.332709305407507,1.5309388149720389
4.07,0.9327659543845759,14.348018693557227,1.5077737088676395
4.08,1.2843938767472618,14.363096430645903,1.4881521759758285
4.09,1.1621498756663886,14.377977952405661,1.467327101431261
4.1,0.8998547766159966,14.392651223419975,1.4439013755390315
4.11,0.9181231142454861,14.407090237175366,1.4206875507957988
4.12,-3.7859882163287484,14.421297112683323,1.3504617692811711
4.13,-3.1509458371792727,14.434801730376135,1.286733562260809
4.14,-3.2626008835264044,14.447669065998744,1.2220211160591405
4.15,-3.4672291597840057,14.459889277159336,1.1553984335391552
4.16,-3.3997867117409504,14.471443261494727,1.0895922917835792
4.17,-3.873986761201717,14.482339184412563,1.0191855569191137
4.18,-3.5371564947841847,14.492531039981754,0.9523013497101489
4.19,-3.172924467402808,14.502054053478856,0.889206289581882
4.2,-3.243504120229619,14.510946116374676,0.8255441245486733
4.21,-3.3736734841628486,14.519201557620162,0.7607216371629237
4.22,-3.4427572473026222,14.526808773991792,0.6953538574817498
4.23,-3.2805325096363696,14.53376231256661,0.6317565301936982
4.24,-3.4960906168858523,14.540079877868548,0.5661487080742221
4.25,-3.7727522348146367,14.54574136494929,0.4979256542001531
4.26,-3.4410534235104095,14.550720621491292,0.43317882309965006
4.2700000000000005,-3.3591897301585196,14.555052409722288,0.36940253749733315
4.28,-3.2152780586160308,14.55874643509726,0.30721614574798495
4.29,-3.728052747674835,14.56181859655474,0.24005008503667213
4.3,-3.464395856885926,14.564219097405108,0.1756823640621117
4.3100000000000005,-3.4548743265266597,14.565975921045728,0.11156597669187962
4.32,-3.6600639765450573,14.567091580812647,0.0455544701426079
4.33,-3.342278940590976,14.567547125514073,-0.01711638860028368
4.34,-3.2903399892532748,14.56737596162807,-0.07911209177234386
4.3500000000000005,-3.497952057181844,14.566584840710346,-0.14302858403798757
4.36,-3.0287950738513407,14.565154554869967,-0.2020921329978267
4.37,-3.5036855970823666,14.563133633539989,-0.2657540677458957
4.38,-3.5291502897137685,14.56047609286253,-0.32950745274074866
4.39,-3.5349478651693556,14.557181018335122,-0.3931541149463154
4.4,-3.6029134102333327,14.553249477185659,-0.4573147257979532
4.41,-3.5516186942224066,14.54867632992768,-0.5207941248800537
4.42,-3.72663136942214,14.54346838867888,-0.5858558059219303
4.43,-3.4781201603582934,14.53760983061966,-0.6482593047880661
4.44,-3.428318794970776,14.531127237571779,-0.7099970641370431
4.45,-3.8963740935837947,14.524027266930409,-0.776248066887682
4.46,-3.460203498071606,14.516264786261532,-0.8379575362350397
4.47,-3.431386779227249,14.50788521089918,-0.8992090397592476
4.48,-3.3368957974375273,14.498893120501588,-0.9593457455560231
4.49,-3.19888658106047,14.489299663046028,-1.017934033243741
4.5,-3.269542742655533,14.479120322713591,-1.077063224913279
4.51,-3.5638863400827456,14.468349690464459,-1.1389676708972505
4.5200000000000005,-3.587096030027164,14.456960013755486,-1.200927911401208
4.53,-3.3239127152656645,14.444950734641473,-1.2600786388028724
4.54,-3.5492695628431394,14.432349948253444,-1.3213110393035796
4.55,-3.6854243994003597,14.419136837860409,-1.383726705595831
4.5600000000000005,-2.9649852468955156,14.40529957080445,-1.4387555149765174
4.57,-3.501958448499074,14.390912015654685,-1.4989888098156758
4.58,-3.565118432113344,14.375922127556528,-1.5596743461435794
4.59,-3.878239606824031,14.360325384095093,-1.6233094006015738
4.6000000000000005,-3.2695331770998695,14.344092290089078,-1.6806671096392587
4.61,-3.6374007647349433,14.327285618992684,-1.7415276340926882
4.62,-3.4340894836620697,14.309870342651758,-1.8001692810820624
4.63,-3.246088964314751,14.291868649840938,-1.8567494882078084
4.64,-3.6342673051204493,14.27330115495886,-1.9170340248381752
4.65,-3.4239171052121273,14.254130814710479,-1.9750272131381188
4.66,-3.1350561135368733,14.234380542579098,-2.0299484678700632
4.67,-3.931163006948331,14.214081057900398,-2.0926539878550297
4.68,-3.601914764971479,14.193154518021847,-2.1518696626509075
4.69,-3.6207219723330493,14.171635821395338,-2.2110835172536545
4.7,-3.4771946200877166,14.1495249862228,-2.268671026304188
4.71,-3.4493717710503424,14.12683827595976,-2.3257921164213764
4.72,-3.6520661221649533,14.103580354795545,-2.384751973903892
4.73,-3.570688264798238,14.079732835056506,-2.4427041373267055
4.74,-3.5944585896662,14.055305793683239,-2.5007014285501636
4.75,-3.509971444610209,14.030298779397738,-2.5576600010122568
4.76,-3.3961690490694156,14.004722179387615,-2.613288139059216
4.7700000000000005,-3.257700771101419,13.978589297997022,-2.667341370781357
4.78,-3.228747396266352,13.951915884289209,-2.7209176699130615
4.79,-3.3090867433085704,13.924706707590078,-2.775110074939943
4.8,-3.6146084194726544,13.896955606840677,-2.8321677973624997
4.8100000000000005,-3.4404727796411056,13.868633928867052,-2.8872860168791856
4.82,-2.9649477148771575,13.83976106869826,-2.9374545468434934
4.83,-3.2369070570381755,13.810386523229825,-2.990159503184163
4.84,-3.52791450735034,13.780484928197984,-3.0455840225461657
4.8500000000000005,-3.123405958982879,13.750029087972521,-3.096765091936025
4.86,-3.5174274335351177,13.719061437053162,-3.1516975117174812
4.87,-3.5734939892362885,13.687544461935987,-3.206991330704657
4.88,-3.1606672083899223,13.655474548628941,-3.2579556133856666
4.89,-3.7017434535780147,13.622894992495084,-3.3141391079852407
4.9,-3.8225691116293063,13.589753601415232,-3.3713252413165606
4.91,-3.25155667996354,13.556040349002066,-3.422592002215735
4.92,-3.4342754092523924,13.521814428979908,-3.475490357000724
4.93,-3.414340499868204,13.4870595254099,-3.5279886649648637
4.94,-3.5120981634610304,13.451779638760252,-3.5812637939878815
4.95,-3.4875122690524467,13.415967000820373,-3.634089316470957
4.96,-3.5314355761419103,13.379626107655664,-3.687150382942839
4.97,-3.565012181626515,13.342754603826236,-3.7403418810170583
4.98,-3.5161956400493874,13.305351185016066,-3.792838491922662
4.99,-3.522503843339175,13.26742280009684,-3.845192136496279
5.0,-3.6055303497793822,13.228970878731877,-3.8981693052530257
5.01,-3.5488474354420037,13.189989185679346,-3.950370298101777
5.0200000000000005,-3.9403654999080784,13.150485482698329,-4.006278005726962
5.03,-3.3028851552646015,13.11042270264106,-4.055592133230688
5.04,-3.3617629417790065,13.069866781308752,-4.105291627720683
5.05,-3.4567953620748013,13.028813865031545,-4.1557360858347465
5.0600000000000005,-3.3923487186236865,12.987256504173198,-4.2053278605364595
5.07,-3.3850981149479096,12.945203225567834,-4.254640035042944
5.08,-3.584613954896495,12.902656825217404,-4.305739980955437
5.09,-3.546329656019716,12.85959942540785,-4.35624424121368
5.1000000000000005,-3.3341502736495596,12.816036982995714,-4.404414332197957
5.11,-3.398312898543808,12.771992839673734,-4.453018499318892
5.12,-3.031149497639174,12.727462654680545,-4.497741433726334
5.13,-3.115891164488173,12.682485240343283,-4.543110917096262
5.14,-3.253211167497965,12.63705413117232,-4.589650221959187
5.15,-3.5921605787211988,12.591157628952729,-4.639371810453845
5.16,-3.55272499622955,12.544763910848191,-4.688482946147912
5.17,-3.6402229403013817,12.497879081386712,-4.738253496007252
5.18,-3.3838621256182932,12.450496546426638,-4.78524224168619
5.19,-3.9880045644675755,12.402644124009777,-4.838060174819504
5.2,-3.531537450964235,12.354263522261583,-4.886085687140118
5.21,-3.5011568754399987,12.305402665390181,-4.933590568721191
5.22,-3.7446717022096334,12.25606675970297,-4.983314114652265
5.23,-3.280266332659908,12.206233618556446,-5.028170626211639
5.24,-3.6676419412936117,12.155951912294329,-5.07668908629616
5.25,-3.386265062434983,12.105185021431367,-5.122171918029357
5.26,-2.883058110877825,12.053963302251073,-5.162407439385925
5.2700000000000005,-3.762014717566679,12.002339227857215,-5.211229494567629
5.28,-3.469523876577045,11.950226932911539,-5.256901338052694
5.29,-3.521305623102688,11.897657919531012,-5.302872594804413
5.3,-3.560207331354912,11.844629193582968,-5.349012802470012
5.3100000000000005,-3.287763376648563,11.791139065558268,-5.392207162617489
5.32,-3.2185477746099465,11.737216993932092,-5.434494400588162
5.33,-3.2854859657153677,11.68287204992621,-5.477237458231709
5.34,-3.5844814120658817,11.628099675343893,-5.522754922806641
5.3500000000000005,-2.9530439798951518,11.572872126115827,-5.561734674649264
5.36,-3.7938622332440133,11.517254779369335,-5.6089147045473124
5.37,-3.646339409382494,11.461165632323862,-5.654390321438508
5.38,-3.40586773869756,11.404621729109477,-5.697235354286535
5.39,-3.421934811746505,11.347649375566611,-5.740020857476503
5.4,-3.3422047796998853,11.290249166991845,-5.781788151880943
5.41,-3.1237867765605944,11.232431285473035,-5.8211520476008305
5.42,-3.4637837794487547,11.174219764997027,-5.863701867847262
5.43,-3.417067703533039,11.115582746318553,-5.905561729742969
5.44,-3.558716806120485,11.056527129021124,-5.948616158972453
5.45,-3.322147891883507,10.9970409674314,-5.989079151751899
5.46,-3.503509297705703,10.93715017591388,-6.0311356287844395
5.47,-3.5036249997889035,10.876838819626036,-6.072968340062196
5.48,-3.3311169649828796,10.816109136225414,-6.112850766501121
5.49,-3.2330706112218537,10.754980628560403,-6.151531563969538
5.5,-3.8816761069727486,10.693465312920708,-6.196479457386462
5.51,-3.3678991117032875,10.631500518346844,-6.23605418048587
5.5200000000000005,-3.494095460373481,10.569139976541985,-6.276668000675084
5.53,-3.2505314091056916,10.506373296535234,-6.314619924717537
5.54,-3.4900793168528756,10.443227097288059,-6.354746914667342
5.55,-3.1798443100055134,10.379679628141385,-6.391544944675306
5.5600000000000005,-3.575337400734781,10.315764178694632,-6.432078815577248
5.57,-3.8861207781631513,10.25144339053886,-6.475491354677326
5.58,-3.22973618850364,10.186688476992087,-6.512102874956747
5.59,-3.6087637890870674,10.12156744824252,-6.55228363261421
5.6000000000000005,-3.7561051839866786,10.056044611916377,-6.593707110269026
5.61,-3.436844112909187,9.990107540813687,-6.631703372846278
5.62,-3.487890529844007,9.923790507085224,-6.66998323479423
5.63,-3.275433801488972,9.857090674737282,-6.705910195736304
5.64,-3.2615726326749312,9.790031572779919,-6.741475327923187
5.65,-3.4209307074600948,9.722616819500686,-6.7784110098235395
5.66,-3.6170179850215702,9.65483270940245,-6.817080395788198
5.67,-3.3826665443931137,9.586661905444569,-6.853174025661463
5.68,-3.407015920613858,9.518130165187953,-6.889284573614337
5.69,-3.326267461744045,9.44923731945181,-6.924360297128118
5.7,-3.615016139386914,9.379993716480527,-6.96209803241807
5.71,-3.520129371271484,9.310372736156346,-6.9986540684827006
5.72,-3.338179173370752,9.240386195471519,-7.033159970517514
5.73,-3.1905893855916285,9.170054595766343,-7.065963736838079
5.74,-3.2468703950460553,9.099394958397962,-7.099107640637977
5.75,-3.423643822407414,9.028403881991583,-7.133795099677252
5.76,-3.537533801422203,8.95706593099481,-7.169392757706264
5.7700000000000005,-3.359290684902112,8.885372003417748,-7.202976314523009
5.78,-3.6583328840966676,8.813342240272519,-7.239322946584504
5.79,-3.603455084490152,8.740949010806673,-7.2748858745434895
5.8,-3.138100534146049,8.668200152061239,-7.305561563220205
5.8100000000000005,-3.359647900628589,8.595144536429038,-7.338230538622563
5.82,-3.5095601433925645,8.521762231042812,-7.37217085278279
5.83,-3.2742270597209195,8.448040522514985,-7.403526220710128
5.84,-3.1826598038680545,8.374005260307884,-7.433740084242063
5.8500000000000005,-3.5289823082871012,8.299667859465464,-7.467193567634945
5.86,-3.5255363851278685,8.224995923789114,-7.500380283286067
5.87,-3.5505839513073743,8.149992120956254,-7.533585163938504
5.88,-3.247284732894901,8.074656269316868,-7.56352403259952
5.89,-3.2453433071339486,7.999021028990874,-7.593217968127994
5.9,-3.1628741323797533,7.923088849309594,-7.621861706589454
5.91,-3.238334206668206,7.8468702322437,-7.651036572088281
5.92,-3.766498412523677,7.770359866522817,-7.685267705247784
5.93,-3.3838619324543333,7.693507189470339,-7.715433875042254
5.94,-3.651731877207384,7.616352850719917,-7.748049623505663
5.95,-3.5426376716322565,7.53887235448486,-7.779338581864661
5.96,-3.4059359559218008,7.461078968666213,-7.809027339678187
5.97,-3.2729417169679924,7.382988695269431,-7.837156346436005
5.98,-3.618223465128189,7.30461713180507,-7.8685116676117355
5.99,-3.9049987289284536,7.225932015128953,-7.9024996099956
6.0,-3.403948628276887,7.146907019028997,-7.931234711283638
6.01,-2.9113404799582634,7.067594671916161,-7.95481384334307
6.0200000000000005,-3.4806240405720037,6.98804653348273,-7.9838682384842645
6.03,-3.4306717096479216,6.908207851097887,-8.012191378051499
6.04,-3.0836220729307575,6.828085937317372,-8.036813536037874
6.05,-3.3219998728256157,6.747717801956993,-8.06359767280067
6.0600000000000005,-3.3966825892413857,6.667081825228986,-8.090900940114997
6.07,-3.351631463575279,6.586172815827836,-8.11752416605092
6.08,-3.3900060101232437,6.5049975741673265,-8.144302761368682
6.09,-3.6680056822693143,6.42355454655364,-8.173632056436288
6.1000000000000005,-3.7083438281979126,6.341818225989277,-8.203128523670284
6.11,-3.062689174213126,6.259786940752575,-8.225931230555217
6.12,-3.4032781262569416,6.177527628447022,-8.251918757622903
6.13,-3.420035708122034,6.095008440870793,-8.27784437306696
6.140000000000001,-3.4581003294492154,6.012229997140124,-8.303920782310527
6.15,-3.283840143114683,5.929190789317018,-8.328023841780178
6.16,-2.932316576290476,5.845910550899216,-8.348385329517267
6.17,-3.3352642632164144,5.7624266976040435,-8.372558829927437
6.18,-3.557672161900884,5.678701109304769,-8.398729007866836
6.19,-3.466734968216282,5.594713819226101,-8.42375693724794
6.2,-3.2258555031969225,5.510476249853621,-8.446145527575242
6.21,-3.556614916920573,5.426014794577869,-8.471617265425216
6.22,-3.2696054988319196,5.341298621923617,-8.493986306839128
6.23,-3.9042022714335993,5.256358758855225,-8.522475961030214
6.24,-3.486030710927251,5.1711339992449235,-8.546542795754622
6.25,-3.3144267939418395,5.0856685712873775,-8.568662974703143
6.26,-3.18602968732283,4.999981941540346,-8.589272951282188
6.2700000000000005,-3.6037496400464515,4.914089212027524,-8.613837229187528
6.28,-3.740607800164094,4.8279508397356485,-8.639536892540255
6.29,-3.492201829616337,4.741555470810246,-8.662515970284538
6.3,-3.665138598187351,4.6549303111074005,-8.68699417728232
6.3100000000000005,-3.469862129983879,4.568060369334577,-8.709285173761169
6.32,-3.441385487564221,4.480967517596966,-8.731061936441076
6.33,-3.7038838056783625,4.393656898232555,-8.755235054691951
6.34,-3.2791669746158,4.306104547685636,-8.774925950597844
6.3500000000000005,-3.4714975753108637,4.218355288179658,-8.796315820569829
6.36,-3.2239628228369033,4.130392129973959,-8.815001369823133
6.37,-3.809035844697192,4.042242116275728,-8.839315009105494
6.38,-3.6434932307470516,3.9538489661846725,-8.861736138122753
6.390000000000001,-3.3367209349083486,3.865231604803445,-8.880856705058898
6.4,-3.5998769108030264,3.7764230377528563,-8.902383795613888
6.41,-3.4729619282479125,3.6873991997967175,-8.922410301482838
6.42,-3.4399149731265384,3.598175096781889,-8.94187822385999
6.43,-3.4084036004472997,3.508756314543289,-8.960803914498376
6.44,-3.5755680391847147,3.4191482753983053,-8.981175097733065
6.45,-3.410197483943478,3.3293365244209747,-8.999662431378963
6.46,-3.5965635376848692,3.239339900107185,-9.019787583726206
6.47,-3.3051987028886183,3.149142024269923,-9.036768781595992
6.48,-3.463023600534578,3.058774336453963,-9.055105379695888
6.49,-3.4090474719188695,2.968223282657004,-9.072675639638746
6.5,-2.9260694286999067,2.8774965262606167,-9.085191091391962
6.51,-3.6614756875579775,2.786644615346697,-9.104847863591583
6.5200000000000005,-3.1623383428299157,2.695596136710781,-9.119282416591597
6.53,-3.971925068047848,2.604403312544865,-9.141594653504018
6.54,-3.855730127621762,2.512987366009825,-9.162506774771566
6.55,-3.6881828121754876,2.4213622982621095,-9.181508310688413
6.5600000000000005,-3.6755604696929605,2.3295472151552254,-9.200152869205146
6.57,-3.3993144370102035,2.237545686463174,-9.215804725832546
6.58,-3.38208634380428,2.1453876392048485,-9.231061168828933
6.59,-3.4910190503124463,2.0530770275165593,-9.247184481688395
6.6000000000000005,-3.4700303899904656,1.9606051826996753,-9.26287297843911
6.61,-3.334501844451641,1.8679764529152842,-9.276982024802928
6.62,-3.273410021113825,1.7752066326672549,-9.290259622857889
6.63,-3.7053625998599253,1.6823040364386759,-9.307638013064677
6.640000000000001,-3.512432990884574,1.5892276563080292,-9.322857856013739
6.65,-3.4539727612205753,1.4959990777478918,-9.337268894298527
6.66,-3.3429915973258826,1.4026263888049064,-9.350347636191534
6.67,-3.5945882250926675,1.309122912442991,-9.365722902129592
6.68,-3.4578990317567073,1.2154656834216953,-9.379505831016722
6.69,-3.434058069732542,1.121670625111528,-9.39282857850335
6.7,-3.580948817329879,1.0277423393264946,-9.407399336480614
6.71,-3.5857178266275507,0.9336683459616885,-9.421793501084341
6.72,-3.4203056411105064,0.839450410950845,-9.43430941043466
6.73,-3.466123825835415,0.7451073168464984,-9.447063775988829
6.74,-3.339959292753847,0.6506366790866102,-9.458335924110088
6.75,-3.6507065407669725,0.5560533198455093,-9.472498423065655
6.76,-3.5101911022137307,0.46132833561485276,-9.48503119466982
6.7700000000000005,-3.4858980069486916,0.3664780236681546,-9.497100253423861
6.78,-3.2772820150132524,0.27150702113391595,-9.50686327898777
6.79,-3.628137551551554,0.17643838834403824,-9.519920510348085
6.8,-3.393124395606956,0.0812391832405574,-9.530404829804972
6.8100000000000005,-3.389503695130396,-0.014064865057492326,-9.540636333048244
6.82,-3.1107753481019786,-0.10947122838797477,-9.547864365966529
6.83,-3.6414726694992257,-0.20494987204764006,-9.560190489289829
6.84,-3.571501460261472,-0.30055177694053836,-9.571595127925123
6.8500000000000005,-3.6275259330826377,-0.3962677282197896,-9.583340295882255
6.86,-3.7740106310516532,-0.4921011311786122,-9.596329515996626
6.87,-4.066226491465462,-0.5880644263385785,-9.612016754858931
6.88,-4.66746412450783,-0.6841845938871678,-9.633485225364185
6.890000000000001,-4.582424960128974,-0.7805194461408096,-9.65385739271429
6.9,-4.156010576661573,-0.8770580200679525,-9.669721816106838
6.91,-4.769785287705648,-0.9737552382290209,-9.69149124840349
6.92,-4.267893564460529,-1.0706701507130558,-9.70799394545063
6.93,-4.70176874738636,-1.1677500901675621,-9.728600307759441
6.94,-4.169824931012088,-1.2650360932451565,-9.743641556119828
6.95,-4.853139415726177,-1.3624725088063547,-9.7652837742003
6.96,-4.7698577615681375,-1.4601253465483577,-9.785844197362868
6.97,-4.528148325309787,-1.5579837885219863,-9.803740819429462
6.98,-4.224799340283458,-1.656021196716281,-9.818363493206679
6.99,-4.42535552844532,-1.7542048316483478,-9.834759097364683
7.0,-4.486306892895319,-1.8525524226219947,-9.851526858886928
7.01,-4.1499550368250615,-1.951067691210864,-9.864692487262717
7.0200000000000005,-3.9881159706313905,-2.049714616083491,-9.876009780368452
7.03,-4.284712421435251,-2.148474713887176,-9.890067450899716
7.04,-4.543734778938262,-2.247375388396173,-9.906482680634076
7.05,-4.502792485119859,-2.346440215202514,-9.922249648006897
7.0600000000000005,-4.67685335426947,-2.4456627116825826,-9.939519676999168
7.07,-4.399000393867195,-2.5450579084525744,-9.953769556321978
7.08,-4.745082475513271,-2.644595604015794,-9.9712458413694
7.09,-4.308791147256105,-2.744308062429488,-9.984116447030507
7.1000000000000005,-4.018049069190014,-2.844149226899793,-9.993848030479972
7.11,-4.275645562359395,-2.944087707204593,-10.005931567573567
7.12,-4.512993422356992,-3.0441470228803285,-10.020158497463793
7.13,-4.313776395791647,-3.1443486078549663,-10.03215757113229
7.140000000000001,-4.09505718928483,-3.244670183566289,-10.041739051881597
7.15,-4.105064951265778,-3.345087574085105,-10.05119601339742
7.16,-4.61991545663068,-3.4455995342190793,-10.065577002782062
7.17,-4.3171046004015405,-3.5462553042469,-10.076692907210685
7.18,-4.450784176332045,-3.647022233319007,-10.088916506097485
7.19,-4.257845228735268,-3.7479113983799817,-10.098978622652956
7.2,-4.342441087554651,-3.848901184606511,-10.10965976417511
7.21,-4.8931081602148945,-3.9499977822482624,-10.125618893997608
7.22,-4.488766495577373,-4.051253971188238,-10.137292516153892
7.23,-4.379452205738747,-4.152626896349777,-10.147641298978519
7.24,-4.706036871749775,-4.254103309339563,-10.16102731065587
7.25,-4.3029594763448085,-4.355713582446121,-10.170146130524
7.26,-4.723966926663412,-4.457415043751361,-10.183249007299432
7.2700000000000005,-4.578851687801416,-4.559247533824355,-10.194664571571694
7.28,-4.150901494377978,-4.661194179540073,-10.201568430018897
7.29,-4.595919436090859,-4.763209863840261,-10.212701314945678
7.3,-4.30437048647767,-4.865336876989718,-10.22068684679541
7.3100000000000005,-4.769878621899743,-4.9675437454576725,-10.23310324214344
7.32,-4.002900946964977,-5.069874777879107,-10.237614406016815
7.33,-4.480074606015457,-5.172250921939275,-10.24668136650617
7.34,-4.4000997169284615,-5.274717735604336,-10.254721158415311
7.3500000000000005,-4.383356519008212,-5.37726494718849,-10.262368485238147
7.36,-4.297650505451734,-5.479888632040871,-10.268934539185192
7.37,-4.72299987491524,-5.582577977432723,-10.2795324243223
7.38,-4.420231172485338,-5.685373301675946,-10.286870749031483
7.390000000000001,-4.550917643474277,-5.788242009166261,-10.295292001990294
7.4,-4.757075323533659,-5.891194929186164,-10.305548041202321
7.41,-4.221739438292263,-5.9942504095981874,-10.310219175623866
7.42,-4.489598475037924,-6.097352601354426,-10.31735111161599
7.43,-4.370659793195501,-6.200526112470586,-10.323069626566197
7.44,-4.383194794572393,-6.303756808736248,-10.328692848220564
7.45,-4.4861343327932275,-6.407043737218453,-10.335124945810472
7.46,-4.024158407591849,-6.510394986676558,-10.336714630047428
7.47,-4.428616808843807,-6.613762132977032,-10.342138221587394
7.48,-4.730754341853339,-6.7171835151929065,-10.350362895186004
7.49,-4.499240150354669,-6.820687144144767,-10.356045022421199
7.5,-4.319216354295583,-6.924247594368978,-10.359705699119813
7.51,-4.312644856443895,-7.027844651360176,-10.363084388247714
7.5200000000000005,-4.6367200653703575,-7.131475495242654,-10.369488188628077
7.53,-4.233267376849051,-7.235170377128934,-10.371634190934513
7.54,-4.771737264092213,-7.338886719038279,-10.378952137343841
7.55,-4.190336837794722,-7.442676240411718,-10.380230351940352
7.5600000000000005,-4.683033456145486,-7.546478543931121,-10.386224758141132
7.57,-4.464412922119741,-7.650340791512533,-10.389810368379115
7.58,-4.2062501427126655,-7.754238895196324,-10.390597662302268
7.59,-4.3952427445405915,-7.858144871819347,-10.393065117801525
7.6000000000000005,-4.255824174775292,-7.962075522997362,-10.393924407011136
7.61,-4.295431486376018,-8.066014767067474,-10.394969759811374
7.62,-4.161910155637085,-8.169964464665588,-10.394469407434082
7.63,-4.206721908135263,-8.27390915873993,-10.394210524067518
7.640000000000001,-4.509912740025293,-8.377851263980604,-10.396776306840122
7.65,-4.292575551559312,-8.481819027049005,-10.396954419060654
7.66,-4.724474250657554,-8.585788571239611,-10.40124313746548
7.67,-4.4307448597855625,-8.689801002614265,-10.402375901077193
7.68,-4.2554669313902975,-8.793824761625038,-10.401545028633175
7.69,-4.392394347468805,-8.897840211911369,-10.40187746001303
7.7,-4.329835932014588,-9.001858986511499,-10.401375445259319
7.71,-4.4618183535111635,-9.105872740964092,-10.40198647220826
7.72,-4.193349990810977,-9.209892605686175,-10.39970326045392
7.73,-4.435247033059803,-9.313889638290714,-10.399636687422012
7.74,-4.512253914798816,-9.417886005164934,-10.400132355574863
7.75,-4.241860395804195,-9.521887328720682,-10.397714856633637
7.76,-4.700195862790897,-9.625864477287019,-10.39967875346252
7.7700000000000005,-4.3189572096145366,-9.729861264821643,-10.397617399720435
7.78,-4.627660853163433,-9.833837438818847,-10.398440242223124
7.79,-4.163578512470372,-9.937821841241078,-10.394412251864633
7.8,-4.471369328967365,-10.041765963759724,-10.393264270842163
7.8100000000000005,-4.3921669341540674,-10.145698606468146,-10.391119247579079
7.82,-4.336649798989181,-10.249609798943936,-10.388216550237086
7.83,-4.805100797580836,-10.353491964446308,-10.389797797239414
7.84,-4.549280846629377,-10.457389942418702,-10.388609127283717
7.8500000000000005,-4.210454696460695,-10.56127603369154,-10.383827371545276
7.86,-4.245610873483828,-10.665114307406993,-10.379201359783869
7.87,-4.362557437238962,-10.768906321004831,-10.375548702141984
7.88,-4.68905659260311,-10.872661808026251,-10.37496258367065
7.890000000000001,-4.302063186146289,-10.976411433862957,-10.370300485456884
7.9,-4.2764839602769165,-11.080114438717526,-10.365186750978285
7.91,-4.409760435693256,-11.183766306227309,-10.361211159580337
7.92,-4.174529688199714,-11.287378417823112,-10.35468589595093
7.930000000000001,-4.55585023634403,-11.390925276782621,-10.351782926738846
7.94,-4.521135393818001,-11.49444310605001,-10.348332972806613
7.95,-4.916086194135168,-11.597926435778076,-10.348634116103849
7.96,-4.235198376288473,-11.701412776939115,-10.341918661704918
7.97,-4.356391485623979,-11.804831963556165,-10.336224954353018
7.98,-4.755527943344651,-11.908194213099694,-10.334330007473469
7.99,-4.770883678316835,-12.01153751317443,-10.332386630811754
8.0,-4.593690003792207,-12.114861379482548,-10.328469489246299
8.01,-4.260432289921934,-12.21814607437501,-10.321022915663438
8.02,-4.4792359759357305,-12.321356303531644,-10.315576425984887
8.03,-4.580121261650071,-12.424512067791493,-10.310945984929361
8.040000000000001,-4.620387056934704,-12.527621527640786,-10.306523466400803
8.05,-4.6293462698836425,-12.630686762304794,-10.301995377378356
8.06,-4.805899538539517,-12.733706716078578,-10.299038010795696
8.07,-4.66064304464728,-12.836697096186535,-10.294429432783023
8.08,-4.633279494253439,-12.939641390514366,-10.289352759951226
8.09,-4.282639231026576,-13.042534918113878,-10.280576487580586
8.1,-4.452308488947328,-13.145340682989684,-10.27331306141488
8.11,-4.584280846921497,-13.248073813603833,-10.267181905864579
8.120000000000001,-3.9572193272367677,-13.350745632662479,-10.254589996745077
8.13,-4.551943261027338,-13.45329153262993,-10.247771463098163
8.14,-4.185743295441278,-13.555769247260912,-10.23710288432957
8.15,-4.094942166760462,-13.658140276104207,-10.225348010291828
8.16,-4.733155945849473,-13.760393756207126,-10.219799919172385
8.17,-4.4043712855032915,-13.86259175539885,-10.210773344717072
8.18,-4.52267060849965,-13.96469948884602,-10.202747933929478
8.19,-4.538948757629872,-14.066726968185314,-10.194701152693261
8.2,-4.308088514956624,-14.168673979712247,-10.184161831024724
8.21,-4.543737977602662,-14.270515598022495,-10.175801458263765
8.22,-4.5183576875833,-14.372273612605133,-10.167004500297892
8.23,-4.452786857443064,-14.473943657608112,-10.157370310396368
8.24,3.587081604074038,-14.575517360712077,-10.067158181264421
8.25,3.4270474163469267,-14.676188942524721,-9.978568776926366
8.26,3.8209427587188465,-14.775974630293986,-9.886060549511813
8.27,3.871467645450872,-14.874835235789103,-9.793078772422936
8.28,3.730485175656395,-14.972766023513332,-9.701541553263736
8.290000000000001,3.5864509275448984,-15.069781439045968,-9.611477658058101
8.3,3.520719310483395,-15.16589621562655,-9.52210220793003
8.31,3.5210374451640623,-15.26111723770585,-9.432754785527312
8.32,4.133236730755893,-15.355444785561124,-9.337318296780523
8.33,3.8493291180626805,-15.44881796852893,-9.244770820286822
8.34,3.493739442032684,-15.541265676731799,-9.155823862878721
8.35,3.69470102323678,-15.632823915360586,-9.064904761635693
8.36,3.589254452729479,-15.723472962976942,-8.975084307373589
8.370000000000001,3.77852153298061,-15.813223806050678,-8.883414435349394
8.38,3.77046127830722,-15.902057950404172,-8.791874838865848
8.39,3.8784833885304457,-15.98997669879283,-8.699306201982571
8.4,3.4916501660169126,-16.076969760812656,-8.61066148141986
8.41,3.6827085174769776,-16.163076375626854,-8.520153803019916
8.42,3.3120520607578463,-16.248277913657052,-8.433406745153533
8.43,3.4102933976635827,-16.332611981108588,-8.345723738486699
8.44,3.8385816250611873,-16.416069218493455,-8.253808388927654
8.45,3.4716246994682862,-16.49860730238273,-8.165625482523666
8.46,3.4935796981397806,-16.580263557207967,-8.077278407231194
8.47,3.6601058428393416,-16.66103634128028,-7.987323625670307
8.48,3.8007136639186596,-16.740909577536982,-7.896026107284384
8.49,3.4495960985825325,-16.819869838609826,-7.808308261875274
8.5,2.9655996919973346,-16.89795292122858,-7.725491754623392
8.51,3.4877168093206494,-16.975207838774814,-7.63750495130117
8.52,3.902887073339919,-17.051582888287825,-7.545431902511968
8.53,3.7303884679527264,-17.127037207312945,-7.455161272299585
8.540000000000001,3.926536418506794,-17.20158882003594,-7.363003930519143
8.55,3.4353982293228125,-17.27521885934113,-7.275839260759545
8.56,3.33388220421654,-17.347977251948727,-7.189760402846798
8.57,3.75427116827886,-17.419874855977195,-7.0995473356529955
8.58,3.709766005286361,-17.490870329333724,-7.0098610575490445
8.59,3.7228723218248034,-17.560968939909216,-6.920125941028257
8.6,3.848360786279465,-17.630170199319497,-6.829220080433073
8.61,3.7460984425318036,-17.698462400123827,-6.739425705408033
8.620000000000001,3.7428849763774275,-17.765856657177906,-6.6497513665804915
8.63,3.80476286050958,-17.83235417084371,-6.559547646244589
8.64,3.7622447841867572,-17.897949647306156,-6.469861620945422
8.65,3.833250644092833,-17.96264826351561,-6.379558561157518
8.66,3.863465622705068,-18.026443849127187,-6.289049712000542
8.67,3.9680992179975347,-18.089334346247192,-6.197593207842312
8.68,3.5319231927686157,-18.151310278325614,-6.110601324202525
8.69,3.757873879231501,-18.21241629156764,-6.021443461543052
8.700000000000001,3.5876967840298923,-18.27263072618307,-5.934088052465761
8.71,3.4950496602934984,-18.33197160670773,-5.847757074279295
8.72,3.5238533935332783,-18.39044917745052,-5.761235204444849
8.73,3.760752561261657,-18.448061529494968,-5.672443692466219
8.74,3.7454119687065517,-18.50478596641963,-5.583912340488998
8.75,3.741843863597039,-18.56062508982452,-5.495524549068966
8.76,3.616618728235485,-18.615580335315208,-5.40849830023429
8.77,3.6624444079850336,-18.669665318317552,-5.321121449733223
8.78,3.8253119969245617,-18.722876532814883,-5.232226195503009
8.790000000000001,3.3638828458194903,-18.775198794769913,-5.148061048490427
8.8,3.6666898774350685,-18.82667940525482,-5.06097359950531
8.81,3.6797526873747097,-18.87728914124987,-4.97387027982229
8.82,3.812422311564881,-18.927027844048094,-4.885556802724586
8.83,3.3917117753607866,-18.97588341207534,-4.8015717372760705
8.84,3.960788206852834,-19.0238991294481,-4.712008159040201
8.85,3.7044875426350536,-19.071019211038504,-4.625135464957355
8.86,3.715077567088339,-19.117270565688077,-4.538279812202001
8.870000000000001,3.581485506282906,-19.162653363810097,-4.452884716477291
8.88,3.7693659287087202,-19.20718221097487,-4.365733538671391
8.89,3.6713522678059727,-19.250839546361586,-4.279691317724703
8.9,3.903557846570645,-19.293636459538835,-4.191454831871962
8.91,3.3734626081366286,-19.335551007857553,-4.108654295791838
8.92,3.6968706237274533,-19.37663755081547,-4.022742851799369
8.93,3.7434639274248367,-19.416864979333464,-3.9364980802939913
8.94,3.624486978876733,-19.456229960136405,-3.851578235345822
8.950000000000001,3.5808282930879423,-19.49474574248986,-3.767228546906305
8.96,3.58917000195561,-19.532418027958926,-3.682929284034503
8.97,3.6966893116229174,-19.56924732079927,-3.59769023165227
8.98,3.2997696775532104,-19.605224223115794,-3.5165598146560084
8.99,3.8547644499619977,-19.640389821262353,-3.430010322173517
9.0,3.5657350842101816,-19.67468992448409,-3.3464971658834566
9.01,3.6873219972227083,-19.708154896142922,-3.2619083231475527
9.02,3.735181911106965,-19.7407739793744,-3.1769854234363284
9.03,3.5566003802867603,-19.77254383360876,-3.093995408116121
9.040000000000001,3.6355537763495525,-19.803483787689924,-3.0103597941651175
9.05,3.2547134096242507,-19.833587385631574,-2.9306797930080823
9.06,3.808186179215966,-19.862894183561654,-2.8456040569621392
9.07,3.8777752578137843,-19.891350224131276,-2.7599865058744726
9.08,3.3215627473616007,-19.91895008919002,-2.6800882116879077
9.09,3.580462882410099,-19.9457509713069,-2.597745462156207
9.1,3.4157875821011885,-19.97172842592846,-2.517201720737191
9.11,3.6262133934518705,-19.996900443135832,-2.4347031256489724
9.120000000000001,3.7914887246935436,-20.02124747439232,-2.350707679701643
9.13,3.8592232376006765,-20.04475455118934,-2.2661961831775974
9.14,3.8861320956347214,-20.067416513021115,-2.1815798626609277
9.15,3.9238702226877944,-20.089232311647724,-2.096752377751355
9.16,3.6172789020582385,-20.110199835425238,-2.0151592431630987
9.17,3.432369732002664,-20.13035142785687,-1.9355772480643139
9.18,3.638843397687758,-20.149707200337513,-1.8540891681115617
9.19,3.788414958210067,-20.16824809201863,-1.771270381208507
9.200000000000001,3.41630950156518,-20.185960795830713,-1.692342614055797
9.21,3.993788848439,-20.20288422197127,-1.607801947444606
9.22,3.84133916550142,-20.218962241445716,-1.5249632824770376
9.23,3.620448024063086,-20.234211874270486,-1.4445084695473227
9.24,3.5195870716671034,-20.24865695896596,-1.3652329039082425
9.25,3.527937241526823,-20.262309288005042,-1.2860431353152717
9.26,3.676602700509383,-20.275169719358196,-1.2055373818958797
9.27,3.615880937203281,-20.287225093177156,-1.1258143896303907
9.28,3.8518620088058766,-20.29848323707346,-1.0439067833819016
9.290000000000001,3.5931662920888257,-20.308922304907277,-0.9647683870284116
9.3,3.7628618198716497,-20.31856998877756,-0.8841100032523095
9.31,3.6559764809143775,-20.327411088810084,-0.8047028234574798
9.32,3.7156953292287658,-20.33545811704466,-0.7248792909289282
9.33,3.615750170630075,-20.34270690995395,-0.6462386747612159
9.34,3.8033045659992757,-20.34916929670156,-0.5659046185944122
9.35,3.806269473807367,-20.354828342887505,-0.4857288237164494
9.36,3.7537472629137802,-20.35968563112467,-0.4062673723422454
9.370000000000001,3.7832643231792527,-20.36374830484809,-0.32669968941734795
9.38,3.472887702240741,-20.367015301742263,-0.250426566561701
9.39,3.7264106103311474,-20.36951956740788,-0.17180236343850072
9.4,3.9116018112468582,-20.371237591042267,-0.09151780028262013
9.41,3.760042371153251,-20.372152769045094,-0.012946106888296532
9.42,3.455617957189047,-20.372282230113978,0.062386743488904856
9.43,3.6518081558195346,-20.37165836267909,0.1394934226486059
9.44,3.7367570454172934,-20.370263428452603,0.21725557627151548
9.450000000000001,3.5102815543696897,-20.368090872689887,0.2925557797314388
9.46,3.390107218404681,-20.36516531489257,0.3664616442115368
9.47,3.5985418840620462,-20.361500698450456,0.4422612395714136
9.48,3.513594976155811,-20.35707808605474,0.5170145376309441
9.49,3.6589036514713578,-20.351907940678434,0.5930251939736898
9.5,3.343480528250094,-20.345977688738696,0.6656812521526134
9.51,3.7747016702565825,-20.33932087621717,0.7424560211022752
9.52,3.5348404506906803,-20.331896316006148,0.8166269273088607
9.53,3.8609119050856227,-20.323730046733058,0.8938582716734571
9.540000000000001,3.606381689790076,-20.314791464016324,0.9683349029856403
9.55,3.656683648472454,-20.305108114986467,1.0431104851409334
9.56,3.627154482009968,-20.294677010135057,1.1173844699781537
9.57,3.524129519729297,-20.283503165435278,1.1904216580207714
9.58,4.1562173502038835,-20.27159894885507,1.2695747837086289
9.59,3.5625882221478946,-20.258903201017983,1.3425699268685465
9.6,3.8664657622424836,-20.245477501749296,1.4183959660758358
9.61,3.4430356685366728,-20.231293542088537,1.4897712878495115
9.620000000000001,1.08557639565072,-20.216395829210043,1.537365210670572
9.63,1.106924550218455,-20.201022177103336,1.5850238348045003
9.64,1.006314722012462,-20.185171938755293,1.6315264667918203
9.65,0.8969491735041731,-20.168856674087376,1.676787486237393
9.66,0.9584857369092951,-20.152088799225,1.7225180882390672
9.67,0.9304922170374638,-20.13486361834261,1.767820892787294
9.68,1.4915553737991791,-20.117185409414738,1.8185866215300028
9.69,1.006629499543124,-20.098999543199437,1.8643408207904386
9.700000000000001,1.1161278731648778,-20.080356134991533,1.9110392465565103
9.71,1.3674751355171613,-20.06124574252597,1.9600971120652737
9.72,0.8358863838372516,-20.041644771405316,2.003678224608535
9.73,1.0186821640656754,-20.021607989159232,2.0489391402304813
9.74,0.9573128910958101,-20.00111859775693,2.0934331372691815
9.75,0.993922428335415,-19.980184266384235,2.1381410159048766
9.76,0.9753477240085907,-19.958802856225187,2.1825095091379687
9.77,0.8647747003060444,-19.936977761133807,2.2256185880806347
9.78,1.0502321744314145,-19.914721575253,2.270430818877015
9.790000000000001,0.7986235619488675,-19.89201726706423,2.3125704205998168
9.8,1.2089266648938914,-19.86889156285823,2.3586622957313845
9.81,1.1358120787630086,-19.845304939900917,2.4038615439054025
9.82,0.9124575541592846,-19.821266324461863,2.4466670754670337
9.83,0.9221534531573159,-19.796799653707193,2.489414474958863
9.84,1.0662522299017385,-19.771905508957605,2.5334470603778976
9.85,0.8514410543108513,-19.746571038353828,2.5751716642879767
9.86,1.373546142259062,-19.720819321710948,2.621962338626555
9.870000000000001,1.0827352631704414,-19.694599698324684,2.665676424055115
9.88,1.0898027477088232,-19.66794293408413,2.709299459868715
9.89,1.147439133503545,-19.640849939485445,2.7533364884222467
9.9,0.8952574626180738,-19.61331657460122,2.794687421706343
9.91,1.2289521137890427,-19.585369700384156,2.83921685743917
9.92,1.0340567906751805,-19.556977531809764,2.881630122603092
9.93,1.2011792116318543,-19.528161230583734,2.9255517944765224
9.94,0.9715594921184217,-19.49890571263897,2.967009832372683
9.950000000000001,1.274605762778325,-19.46923561431524,3.011336176844812
9.96,1.0914188428370457,-19.439122252546795,3.053660496059701
9.97,1.4476515222675053,-19.408585647586197,3.0993811045473207
9.98,0.9372457940676419,-19.377591836540724,3.139822281021801
9.99,1.0520599966502369,-19.346193613730506,3.1812485089588303
10.0,0.8048348680580563,-19.314381128640917,3.2200361235944746
